Date,Gold,Oil,DXY,US10Y
2022-01-03,76.08000183105469,96.23999786376953,1799.4000244140625,1.628000020980835
2022-01-04,76.98999786376953,96.29000091552734,1814.0,1.6679999828338623
2022-01-05,77.8499984741211,96.19000244140625,1824.5999755859375,1.7050000429153442
2022-01-06,79.45999908447266,96.25,1788.699951171875,1.7330000400543213
2022-01-07,78.9000015258789,95.73999786376953,1797.0,1.7710000276565552
2022-01-10,78.2300033569336,95.98999786376953,1798.4000244140625,1.7799999713897705
2022-01-11,81.22000122070312,95.62000274658203,1818.5999755859375,1.746000051498413
2022-01-12,82.63999938964844,95.0,1827.199951171875,1.725000023841858
2022-01-13,82.12000274658203,94.79000091552734,1821.199951171875,1.7109999656677246
2022-01-14,83.81999969482422,95.16999816894531,1816.5,1.7719999551773071
2022-01-18,85.43000030517578,95.7300033569336,1812.300048828125,1.8650000095367432
2022-01-19,86.95999908447266,95.51000213623047,1843.0999755859375,1.8270000219345093
2022-01-20,86.9000015258789,95.73999786376953,1842.5,1.8329999446868896
2022-01-21,85.13999938964844,95.63999938964844,1831.800048828125,1.746999979019165
2022-01-24,83.30999755859375,95.91999816894531,1841.699951171875,1.7350000143051147
2022-01-25,85.5999984741211,95.94999694824219,1852.699951171875,1.7829999923706055
2022-01-26,87.3499984741211,96.48999786376953,1829.9000244140625,1.8480000495910645
2022-01-27,86.61000061035156,97.26000213623047,1793.300048828125,1.8070000410079956
2022-01-28,86.81999969482422,97.2699966430664,1784.9000244140625,1.781999945640564
2022-01-31,88.1500015258789,96.54000091552734,1795.0,1.781999945640564
2022-02-01,88.19999694824219,96.38999938964844,1800.300048828125,1.7999999523162842
2022-02-02,88.26000213623047,95.94000244140625,1809.199951171875,1.7660000324249268
2022-02-03,90.2699966430664,95.37999725341797,1803.0,1.8270000219345093
2022-02-04,92.30999755859375,95.4800033569336,1806.5999755859375,1.9299999475479126
2022-02-07,91.31999969482422,95.4000015258789,1820.5999755859375,1.9160000085830688
2022-02-08,89.36000061035156,95.63999938964844,1826.5999755859375,1.9539999961853027
2022-02-09,89.66000366210938,95.48999786376953,1835.199951171875,1.9290000200271606
2022-02-10,89.87999725341797,95.55000305175781,1836.199951171875,2.0309998989105225
2022-02-11,93.0999984741211,96.08000183105469,1840.800048828125,1.9550000429153442
2022-02-14,95.45999908447266,96.37000274658203,1868.0,1.996000051498413
2022-02-15,92.06999969482422,95.98999786376953,1854.800048828125,2.0450000762939453
2022-02-16,93.66000366210938,95.69999694824219,1870.199951171875,2.046999931335449
2022-02-17,91.76000213623047,95.80000305175781,1900.699951171875,1.972000002861023
2022-02-18,91.06999969482422,96.04000091552734,1898.5999755859375,1.9320000410079956
2022-02-22,92.3499984741211,96.02999877929688,1906.0999755859375,1.9479999542236328
2022-02-23,92.0999984741211,96.19000244140625,1909.199951171875,1.9769999980926514
2022-02-24,92.80999755859375,97.13999938964844,1925.0999755859375,1.968999981880188
2022-02-25,91.58999633789062,96.62000274658203,1886.5,1.9859999418258667
2022-02-28,95.72000122070312,96.70999908447266,1899.4000244140625,1.8389999866485596
2022-03-01,103.41000366210938,97.41000366210938,1942.4000244140625,1.7070000171661377
2022-03-02,110.5999984741211,97.38999938964844,1920.9000244140625,1.8650000095367432
2022-03-03,107.66999816894531,97.79000091552734,1934.4000244140625,1.843999981880188
2022-03-04,115.68000030517578,98.6500015258789,1965.0999755859375,1.7239999771118164
2022-03-07,119.4000015258789,99.29000091552734,1993.9000244140625,1.7510000467300415
2022-03-08,123.69999694824219,99.05999755859375,2040.0999755859375,1.871999979019165
2022-03-09,108.69999694824219,97.97000122070312,1985.9000244140625,1.9479999542236328
2022-03-10,106.0199966430664,98.51000213623047,1998.0999755859375,2.010999917984009
2022-03-11,109.33000183105469,99.12000274658203,1982.699951171875,2.003999948501587
2022-03-14,103.01000213623047,99.05999755859375,1959.5999755859375,2.140000104904175
2022-03-15,96.44000244140625,99.06999969482422,1928.5,2.1600000858306885
2022-03-16,95.04000091552734,98.37999725341797,1908.0,2.187999963760376
2022-03-17,102.9800033569336,98.01000213623047,1942.0999755859375,2.191999912261963
2022-03-18,104.69999694824219,98.2300033569336,1928.199951171875,2.1480000019073486
2022-03-21,112.12000274658203,98.5,1928.5999755859375,2.315000057220459
2022-03-22,111.76000213623047,98.48999786376953,1920.699951171875,2.372999906539917
2022-03-23,114.93000030517578,98.62000274658203,1936.5999755859375,2.321000099182129
2022-03-24,112.33999633789062,98.79000091552734,1961.5999755859375,2.3410000801086426
2022-03-25,113.9000015258789,98.80999755859375,1953.800048828125,2.492000102996826
2022-03-28,105.95999908447266,99.08999633789062,1939.5999755859375,2.4769999980926514
2022-03-29,104.23999786376953,98.4000015258789,1912.0,2.4000000953674316
2022-03-30,107.81999969482422,97.79000091552734,1933.5,2.3580000400543213
2022-03-31,100.27999877929688,98.30999755859375,1949.199951171875,2.3269999027252197
2022-04-01,99.2699966430664,98.62999725341797,1919.0999755859375,2.377000093460083
2022-04-04,103.27999877929688,98.98999786376953,1929.199951171875,2.4119999408721924
2022-04-05,101.95999908447266,99.47000122070312,1922.9000244140625,2.555999994277954
2022-04-06,96.2300033569336,99.5999984741211,1918.4000244140625,2.6089999675750732
2022-04-07,96.02999877929688,99.75,1933.800048828125,2.6519999504089355
2022-04-08,98.26000213623047,99.80000305175781,1941.5999755859375,2.7130000591278076
2022-04-11,94.29000091552734,99.93000030517578,1944.300048828125,2.7799999713897705
2022-04-12,100.5999984741211,100.29000091552734,1972.0999755859375,2.7249999046325684
2022-04-13,104.25,99.87999725341797,1981.0,2.687000036239624
2022-04-14,106.94999694824219,100.31999969482422,1970.9000244140625,2.828000068664551
2022-04-18,108.20999908447266,100.77999877929688,1982.9000244140625,2.861999988555908
2022-04-19,102.55999755859375,100.95999908447266,1955.699951171875,2.9130001068115234
2022-04-20,102.75,100.38999938964844,1952.300048828125,2.8399999141693115
2022-04-21,103.79000091552734,100.58000183105469,1944.9000244140625,2.9170000553131104
2022-04-22,102.06999969482422,101.22000122070312,1931.0,2.9059998989105225
2022-04-25,98.54000091552734,101.75,1893.199951171875,2.8259999752044678
2022-04-26,101.69999694824219,102.30000305175781,1901.4000244140625,2.7720000743865967
2022-04-27,102.0199966430664,102.94999694824219,1885.9000244140625,2.818000078201294
2022-04-28,105.36000061035156,103.62000274658203,1888.699951171875,2.86299991607666
2022-04-29,104.69000244140625,102.95999908447266,1909.300048828125,2.88700008392334
2022-05-02,105.16999816894531,103.73999786376953,1861.800048828125,2.996000051498413
2022-05-03,102.41000366210938,103.47000122070312,1868.800048828125,2.9600000381469727
2022-05-04,107.80999755859375,102.58999633789062,1867.0,2.9170000553131104
2022-05-05,108.26000213623047,103.75,1874.0,3.065999984741211
2022-05-06,109.7699966430664,103.66000366210938,1881.199951171875,3.122999906539917
2022-05-09,103.08999633789062,103.6500015258789,1857.0999755859375,3.0789999961853027
2022-05-10,99.76000213623047,103.91999816894531,1839.9000244140625,2.993000030517578
2022-05-11,105.70999908447266,103.8499984741211,1852.5999755859375,2.9210000038146973
2022-05-12,106.12999725341797,104.8499984741211,1823.800048828125,2.816999912261963
2022-05-13,110.48999786376953,104.55999755859375,1807.4000244140625,2.934999942779541
2022-05-16,114.19999694824219,104.19000244140625,1813.5,2.877000093460083
2022-05-17,112.4000015258789,103.36000061035156,1818.199951171875,2.9679999351501465
2022-05-18,109.58999633789062,103.80999755859375,1815.9000244140625,2.885999917984009
2022-05-19,112.20999908447266,102.72000122070312,1841.199951171875,2.8550000190734863
2022-05-20,113.2300033569336,103.1500015258789,1841.800048828125,2.7869999408721924
2022-05-23,110.29000091552734,102.08000183105469,1847.800048828125,2.8589999675750732
2022-05-24,109.7699966430664,101.86000061035156,1865.0999755859375,2.759999990463257
2022-05-25,110.33000183105469,102.05999755859375,1846.199951171875,2.749000072479248
2022-05-26,114.08999633789062,101.83000183105469,1847.4000244140625,2.75600004196167
2022-05-27,115.06999969482422,101.66999816894531,1851.300048828125,2.743000030517578
2022-05-31,114.66999816894531,101.75,1842.699951171875,2.8440001010894775
2022-06-01,115.26000213623047,102.55000305175781,1843.300048828125,2.930999994277954
2022-06-02,116.87000274658203,101.7699966430664,1866.5,2.9130001068115234
2022-06-03,118.87000274658203,102.13999938964844,1845.4000244140625,2.9570000171661377
2022-06-06,118.5,102.44000244140625,1839.199951171875,3.0380001068115234
2022-06-07,119.41000366210938,102.31999969482422,1847.5,2.9719998836517334
2022-06-08,122.11000061035156,102.54000091552734,1851.9000244140625,3.0290000438690186
2022-06-09,121.51000213623047,103.22000122070312,1848.800048828125,3.0439999103546143
2022-06-10,120.66999816894531,104.1500015258789,1871.5,3.1559998989105225
2022-06-13,120.93000030517578,105.08000183105469,1828.0,3.365999937057495
2022-06-14,118.93000030517578,105.5199966430664,1809.5,3.4830000400543213
2022-06-15,115.30999755859375,105.16000366210938,1815.300048828125,3.3949999809265137
2022-06-16,117.58999633789062,103.62999725341797,1845.699951171875,3.306999921798706
2022-06-17,109.55999755859375,104.69999694824219,1835.5999755859375,3.239000082015991
2022-06-21,110.6500015258789,104.44000244140625,1834.5999755859375,3.306999921798706
2022-06-22,106.19000244140625,104.19999694824219,1834.300048828125,3.1559998989105225
2022-06-23,104.2699966430664,104.43000030517578,1825.699951171875,3.068000078201294
2022-06-24,107.62000274658203,104.19000244140625,1826.5,3.125
2022-06-27,109.56999969482422,103.94000244140625,1820.9000244140625,3.194000005722046
2022-06-28,111.76000213623047,104.51000213623047,1817.5,3.2060000896453857
2022-06-29,109.77999877929688,105.11000061035156,1813.699951171875,3.0929999351501465
2022-06-30,105.76000213623047,104.69000244140625,1804.0999755859375,2.9719998836517334
2022-07-01,108.43000030517578,105.13999938964844,1798.9000244140625,2.8889999389648438
2022-07-05,99.5,106.5,1761.800048828125,2.809000015258789
2022-07-06,98.52999877929688,107.0999984741211,1734.9000244140625,2.9130001068115234
2022-07-07,102.7300033569336,107.12999725341797,1737.9000244140625,3.007999897003174
2022-07-08,104.79000091552734,107.01000213623047,1740.5999755859375,3.1010000705718994
2022-07-11,104.08999633789062,108.0199966430664,1730.0,2.990999937057495
2022-07-12,95.83999633789062,108.06999969482422,1723.300048828125,2.9579999446868896
2022-07-13,96.30000305175781,107.95999908447266,1734.199951171875,2.9040000438690186
2022-07-14,95.77999877929688,108.54000091552734,1704.5,2.9600000381469727
2022-07-15,97.58999633789062,108.05999755859375,1702.4000244140625,2.930000066757202
2022-07-18,102.5999984741211,107.37000274658203,1709.199951171875,2.9600000381469727
2022-07-19,104.22000122070312,106.68000030517578,1710.0,3.0190000534057617
2022-07-20,102.26000213623047,107.08000183105469,1699.5,3.0360000133514404
2022-07-21,96.3499984741211,106.91000366210938,1712.699951171875,2.9100000858306885
2022-07-22,94.69999694824219,106.7300033569336,1727.0999755859375,2.7829999923706055
2022-07-25,96.69999694824219,106.4800033569336,1719.0,2.819999933242798
2022-07-26,94.9800033569336,107.19000244140625,1717.699951171875,2.7869999408721924
2022-07-27,97.26000213623047,106.44999694824219,1719.0999755859375,2.7339999675750732
2022-07-28,96.41999816894531,106.3499984741211,1750.300048828125,2.680999994277954
2022-07-29,98.62000274658203,105.9000015258789,1762.9000244140625,2.6419999599456787
2022-08-01,93.88999938964844,105.44999694824219,1769.0,2.6059999465942383
2022-08-02,94.41999816894531,106.23999786376953,1771.0999755859375,2.740999937057495
2022-08-03,90.66000366210938,106.51000213623047,1758.0,2.747999906539917
2022-08-04,88.54000091552734,105.69000244140625,1788.5,2.6760001182556152
2022-08-05,89.01000213623047,106.62000274658203,1772.9000244140625,2.8399999141693115
2022-08-08,90.76000213623047,106.44000244140625,1786.800048828125,2.765000104904175
2022-08-09,90.5,106.37000274658203,1794.0,2.796999931335449
2022-08-10,91.93000030517578,105.19999694824219,1795.5999755859375,2.7860000133514404
2022-08-11,94.33999633789062,105.08999633789062,1789.699951171875,2.888000011444092
2022-08-12,92.08999633789062,105.62999725341797,1798.5999755859375,2.8489999771118164
2022-08-15,89.41000366210938,106.55000305175781,1781.4000244140625,2.7909998893737793
2022-08-16,86.52999877929688,106.5,1773.199951171875,2.8239998817443848
2022-08-17,88.11000061035156,106.56999969482422,1760.300048828125,2.8929998874664307
2022-08-18,90.5,107.4800033569336,1755.300048828125,2.880000114440918
2022-08-19,90.7699966430664,108.16999816894531,1747.5999755859375,2.989000082015991
2022-08-22,90.2300033569336,109.05000305175781,1734.0,3.0369999408721924
2022-08-23,93.73999786376953,108.62000274658203,1746.800048828125,3.053999900817871
2022-08-24,94.88999938964844,108.68000030517578,1747.800048828125,3.1059999465942383
2022-08-25,92.5199966430664,108.47000122070312,1757.699951171875,3.0260000228881836
2022-08-26,93.05999755859375,108.80000305175781,1736.0999755859375,3.0350000858306885
2022-08-29,97.01000213623047,108.83999633789062,1736.5999755859375,3.109999895095825
2022-08-30,91.63999938964844,108.7699966430664,1723.199951171875,3.109999895095825
2022-08-31,89.55000305175781,108.69999694824219,1712.800048828125,3.132999897003174
2022-09-01,86.61000061035156,109.69000244140625,1696.5999755859375,3.265000104904175
2022-09-02,86.87000274658203,109.52999877929688,1709.800048828125,3.193000078201294
2022-09-06,86.87999725341797,110.20999908447266,1700.4000244140625,3.3399999141693115
2022-09-07,81.94000244140625,109.83999633789062,1715.300048828125,3.265000104904175
2022-09-08,83.54000091552734,109.70999908447266,1708.0,3.2920000553131104
2022-09-09,86.79000091552734,109.0,1716.199951171875,3.321000099182129
2022-09-12,87.77999877929688,108.33000183105469,1728.0999755859375,3.361999988555908
2022-09-13,87.30999755859375,109.81999969482422,1705.0,3.421999931335449
2022-09-14,88.4800033569336,109.66000366210938,1696.5,3.4119999408721924
2022-09-15,85.0999984741211,109.73999786376953,1665.4000244140625,3.4590001106262207
2022-09-16,85.11000061035156,109.76000213623047,1671.699951171875,3.447999954223633
2022-09-19,85.7300033569336,109.73999786376953,1666.199951171875,3.490000009536743
2022-09-20,84.44999694824219,110.22000122070312,1659.699951171875,3.571000099182129
2022-09-21,82.94000244140625,110.63999938964844,1664.5999755859375,3.509999990463257
2022-09-22,83.48999786376953,111.3499984741211,1670.800048828125,3.7079999446868896
2022-09-23,78.73999786376953,113.19000244140625,1645.300048828125,3.697000026702881
2022-09-26,76.70999908447266,114.0999984741211,1623.300048828125,3.878000020980835
2022-09-27,78.5,114.11000061035156,1626.699951171875,3.9639999866485596
2022-09-28,82.1500015258789,112.5999984741211,1660.4000244140625,3.7049999237060547
2022-09-29,81.2300033569336,112.25,1658.5,3.746999979019165
2022-09-30,79.48999786376953,112.12000274658203,1662.4000244140625,3.803999900817871
2022-10-03,83.62999725341797,111.75,1692.9000244140625,3.6510000228881836
2022-10-04,86.5199966430664,110.06999969482422,1721.0999755859375,3.617000102996826
2022-10-05,87.76000213623047,111.06999969482422,1711.4000244140625,3.759000062942505
2022-10-06,88.44999694824219,112.26000213623047,1711.699951171875,3.8259999752044678
2022-10-07,92.63999938964844,112.80000305175781,1700.5,3.882999897003174
2022-10-10,91.12999725341797,113.13999938964844,1667.300048828125,3.888000011444092
2022-10-11,89.3499984741211,113.22000122070312,1678.699951171875,3.938999891281128
2022-10-12,87.2699966430664,113.31999969482422,1670.300048828125,3.9019999504089355
2022-10-13,89.11000061035156,112.36000061035156,1670.0,3.9519999027252197
2022-10-14,85.61000061035156,113.30999755859375,1641.699951171875,4.010000228881836
2022-10-17,85.45999908447266,112.04000091552734,1657.0,4.014999866485596
2022-10-18,82.81999969482422,112.12999725341797,1649.0,3.997999906539917
2022-10-19,85.55000305175781,112.9800033569336,1627.5,4.126999855041504
2022-10-20,85.9800033569336,112.87999725341797,1630.800048828125,4.22599983215332
2022-10-21,85.05000305175781,112.01000213623047,1651.0,4.2129998207092285
2022-10-24,84.58000183105469,111.98999786376953,1648.699951171875,4.234000205993652
2022-10-25,85.31999969482422,110.94999694824219,1652.800048828125,4.107999801635742
2022-10-26,87.91000366210938,109.69999694824219,1664.0,4.014999866485596
2022-10-27,89.08000183105469,110.58999633789062,1660.699951171875,3.937000036239624
2022-10-28,87.9000015258789,110.66999816894531,1639.5999755859375,4.010000228881836
2022-10-31,86.52999877929688,111.52999877929688,1635.9000244140625,4.077000141143799
2022-11-01,88.37000274658203,111.4800033569336,1645.0,4.052000045776367
2022-11-02,90.0,111.3499984741211,1645.699951171875,4.059000015258789
2022-11-03,88.16999816894531,112.93000030517578,1627.300048828125,4.124000072479248
2022-11-04,92.61000061035156,110.87999725341797,1672.5,4.156000137329102
2022-11-07,91.79000091552734,110.12000274658203,1676.5,4.214000225067139
2022-11-08,88.91000366210938,109.62000274658203,1712.0999755859375,4.125999927520752
2022-11-09,85.83000183105469,110.55000305175781,1710.0999755859375,4.151000022888184
2022-11-10,86.47000122070312,108.20999908447266,1750.300048828125,3.8289999961853027
2022-11-11,88.95999908447266,106.29000091552734,1766.0,3.812999963760376
2022-11-14,85.87000274658203,106.66000366210938,1773.5999755859375,3.865000009536743
2022-11-15,86.91999816894531,106.4000015258789,1773.800048828125,3.7990000247955322
2022-11-16,85.58999633789062,106.27999877929688,1773.0,3.691999912261963
2022-11-17,81.63999938964844,106.69000244140625,1760.800048828125,3.7750000953674316
2022-11-18,80.08000183105469,106.93000030517578,1751.9000244140625,3.818000078201294
2022-11-21,79.7300033569336,107.83999633789062,1737.4000244140625,3.825000047683716
2022-11-22,80.94999694824219,107.22000122070312,1738.300048828125,3.757999897003174
2022-11-23,77.94000244140625,106.08000183105469,1744.9000244140625,3.7060000896453857
2022-11-25,76.27999877929688,105.95999908447266,1753.300048828125,3.690999984741211
2022-11-28,77.23999786376953,106.68000030517578,1740.0999755859375,3.703000068664551
2022-11-29,78.19999694824219,106.81999969482422,1748.4000244140625,3.747999906539917
2022-11-30,80.55000305175781,105.94999694824219,1746.0,3.703000068664551
2022-12-01,81.22000122070312,104.7300033569336,1801.0999755859375,3.5290000438690186
2022-12-02,79.9800033569336,104.55000305175781,1795.9000244140625,3.50600004196167
2022-12-05,76.93000030517578,105.29000091552734,1767.4000244140625,3.5989999771118164
2022-12-06,74.25,105.58000183105469,1769.300048828125,3.513000011444092
2022-12-07,72.01000213623047,105.0999984741211,1785.5,3.4079999923706055
2022-12-08,71.45999908447266,104.7699966430664,1788.699951171875,3.490999937057495
2022-12-09,71.0199966430664,104.80999755859375,1798.0999755859375,3.566999912261963
2022-12-12,73.16999816894531,105.12999725341797,1780.5,3.6110000610351562
2022-12-13,75.38999938964844,103.9800033569336,1813.9000244140625,3.500999927520752
2022-12-14,77.27999877929688,103.7699966430664,1807.5,3.503000020980835
2022-12-15,76.11000061035156,104.55999755859375,1777.199951171875,3.450000047683716
2022-12-16,74.29000091552734,104.69999694824219,1790.0,3.4820001125335693
2022-12-19,75.19000244140625,104.72000122070312,1787.699951171875,3.5810000896453857
2022-12-20,76.08999633789062,103.97000122070312,1815.9000244140625,3.684000015258789
2022-12-21,78.29000091552734,104.16000366210938,1815.9000244140625,3.684000015258789
2022-12-22,77.48999786376953,104.43000030517578,1787.0,3.6689999103546143
2022-12-23,79.55999755859375,104.30999755859375,1795.9000244140625,3.750999927520752
2022-12-27,79.52999877929688,104.18000030517578,1814.800048828125,3.859999895095825
2022-12-28,78.95999908447266,104.45999908447266,1807.9000244140625,3.88700008392334
2022-12-29,78.4000015258789,103.83999633789062,1819.5,3.8350000381469727
2022-12-30,80.26000213623047,103.5199966430664,1819.699951171875,3.878999948501587
2023-01-03,76.93000030517578,104.5199966430664,1839.699951171875,3.7929999828338623
2023-01-04,72.83999633789062,104.25,1852.800048828125,3.7090001106262207
2023-01-05,73.66999816894531,105.04000091552734,1834.800048828125,3.7200000286102295
2023-01-06,73.7699966430664,103.87999725341797,1864.199951171875,3.569000005722046
2023-01-09,74.62999725341797,103.0,1872.699951171875,3.5169999599456787
2023-01-10,75.12000274658203,103.23999786376953,1871.5999755859375,3.621000051498413
2023-01-11,77.41000366210938,103.19000244140625,1874.5999755859375,3.553999900817871
2023-01-12,78.38999938964844,102.25,1895.5,3.4489998817443848
2023-01-13,79.86000061035156,102.19999694824219,1918.4000244140625,3.510999917984009
2023-01-17,80.18000030517578,102.38999938964844,1907.199951171875,3.5350000858306885
2023-01-18,79.4800033569336,102.36000061035156,1904.4000244140625,3.375
2023-01-19,80.33000183105469,102.05999755859375,1922.0999755859375,3.3970000743865967
2023-01-20,81.30999755859375,102.01000213623047,1926.4000244140625,3.4839999675750732
2023-01-23,81.62000274658203,102.13999938964844,1927.0999755859375,3.5250000953674316
2023-01-24,80.12999725341797,101.91999816894531,1933.9000244140625,3.4690001010894775
2023-01-25,80.1500015258789,101.63999938964844,1941.199951171875,3.4619998931884766
2023-01-26,81.01000213623047,101.83999633789062,1929.0999755859375,3.493000030517578
2023-01-27,79.68000030517578,101.93000030517578,1928.5999755859375,3.5179998874664307
2023-01-30,77.9000015258789,102.27999877929688,1922.9000244140625,3.5510001182556152
2023-01-31,78.87000274658203,102.0999984741211,1929.5,3.5290000438690186
2023-02-01,76.41000366210938,101.22000122070312,1927.800048828125,3.3970000743865967
2023-02-02,75.87999725341797,101.75,1916.300048828125,3.3959999084472656
2023-02-03,73.38999938964844,102.91999816894531,1862.9000244140625,3.5320000648498535
2023-02-06,74.11000061035156,103.62000274658203,1866.199951171875,3.634000062942505
2023-02-07,77.13999938964844,103.43000030517578,1871.699951171875,3.6740000247955322
2023-02-08,78.47000122070312,103.41000366210938,1877.4000244140625,3.6530001163482666
2023-02-09,78.05999755859375,103.22000122070312,1866.199951171875,3.683000087738037
2023-02-10,79.72000122070312,103.62999725341797,1862.800048828125,3.74399995803833
2023-02-13,80.13999938964844,103.3499984741211,1851.9000244140625,3.7170000076293945
2023-02-14,79.05999755859375,103.2300033569336,1854.0,3.760999917984009
2023-02-15,78.58999633789062,103.91999816894531,1834.199951171875,3.809000015258789
2023-02-16,78.48999786376953,103.86000061035156,1842.0,3.8429999351501465
2023-02-17,76.33999633789062,103.86000061035156,1840.4000244140625,3.828000068664551
2023-02-21,76.16000366210938,104.18000030517578,1833.0,3.9549999237060547
2023-02-22,73.94999694824219,104.58999633789062,1832.0,3.9230000972747803
2023-02-23,75.38999938964844,104.5999984741211,1818.0,3.878999948501587
2023-02-24,76.31999969482422,105.20999908447266,1808.800048828125,3.9489998817443848
2023-02-27,75.68000030517578,104.66999816894531,1817.0,3.921999931335449
2023-02-28,77.05000305175781,104.87000274658203,1828.9000244140625,3.9159998893737793
2023-03-01,77.69000244140625,104.4800033569336,1837.699951171875,3.99399995803833
2023-03-02,78.16000366210938,105.02999877929688,1833.5,4.072999954223633
2023-03-03,79.68000030517578,104.5199966430664,1847.699951171875,3.9639999866485596
2023-03-06,80.45999908447266,104.3499984741211,1847.9000244140625,3.9830000400543213
2023-03-07,77.58000183105469,105.62000274658203,1813.9000244140625,3.9749999046325684
2023-03-08,76.66000366210938,105.66000366210938,1812.699951171875,3.9760000705718994
2023-03-09,75.72000122070312,105.30999755859375,1829.300048828125,3.924999952316284
2023-03-10,76.68000030517578,104.58000183105469,1862.0,3.694999933242798
2023-03-13,74.80000305175781,103.5999984741211,1911.699951171875,3.515000104904175
2023-03-14,71.33000183105469,103.5999984741211,1906.199951171875,3.638000011444092
2023-03-15,67.61000061035156,104.6500015258789,1926.5999755859375,3.492000102996826
2023-03-16,68.3499984741211,104.41999816894531,1919.0,3.5850000381469727
2023-03-17,66.73999786376953,103.70999908447266,1969.800048828125,3.3949999809265137
2023-03-20,67.63999938964844,103.27999877929688,1979.199951171875,3.4809999465942383
2023-03-21,69.33000183105469,103.26000213623047,1938.0,3.6059999465942383
2023-03-22,70.9000015258789,102.3499984741211,1946.800048828125,3.5
2023-03-23,69.95999908447266,102.52999877929688,1993.800048828125,3.4059998989105225
2023-03-24,69.26000213623047,103.12000274658203,1982.0999755859375,3.380000114440918
2023-03-27,72.80999755859375,102.86000061035156,1952.4000244140625,3.5280001163482666
2023-03-28,73.19999694824219,102.43000030517578,1972.4000244140625,3.563999891281128
2023-03-29,72.97000122070312,102.63999938964844,1966.0999755859375,3.565999984741211
2023-03-30,74.37000274658203,102.13999938964844,1980.300048828125,3.5510001182556152
2023-03-31,75.66999816894531,102.51000213623047,1969.0,3.49399995803833
2023-04-03,80.41999816894531,102.08999633789062,1983.9000244140625,3.430000066757202
2023-04-04,80.70999908447266,101.58999633789062,2022.199951171875,3.3369998931884766
2023-04-05,80.61000061035156,101.8499984741211,2020.9000244140625,3.2869999408721924
2023-04-06,80.69999694824219,101.81999969482422,2011.9000244140625,3.2880001068115234
2023-04-10,79.73999786376953,102.58000183105469,1989.0999755859375,3.4149999618530273
2023-04-11,81.52999877929688,102.19999694824219,2004.800048828125,3.434000015258789
2023-04-12,83.26000213623047,101.5,2010.9000244140625,3.4210000038146973
2023-04-13,82.16000366210938,101.01000213623047,2041.300048828125,3.4519999027252197
2023-04-14,82.5199966430664,101.55000305175781,2002.199951171875,3.5220000743865967
2023-04-17,80.83000183105469,102.0999984741211,1994.199951171875,3.5910000801086426
2023-04-18,80.86000061035156,101.75,2007.4000244140625,3.572000026702881
2023-04-19,79.16000366210938,101.97000122070312,1995.199951171875,3.6019999980926514
2023-04-20,77.29000091552734,101.83999633789062,2007.5999755859375,3.5450000762939453
2023-04-21,77.87000274658203,101.81999969482422,1979.5,3.569999933242798
2023-04-24,78.76000213623047,101.3499984741211,1989.0999755859375,3.515000104904175
2023-04-25,77.06999969482422,101.86000061035156,1994.0,3.3959999084472656
2023-04-26,74.30000305175781,101.47000122070312,1985.699951171875,3.431999921798706
2023-04-27,74.76000213623047,101.5,1989.9000244140625,3.5280001163482666
2023-04-28,76.77999877929688,101.66999816894531,1990.0999755859375,3.4519999027252197
2023-05-01,75.66000366210938,102.1500015258789,1983.4000244140625,3.5739998817443848
2023-05-02,71.66000366210938,101.95999908447266,2014.300048828125,3.438999891281128
2023-05-03,68.5999984741211,101.33999633789062,2028.5999755859375,3.4030001163482666
2023-05-04,68.55999755859375,101.4000015258789,2048.0,3.3510000705718994
2023-05-05,71.33999633789062,101.20999908447266,2017.4000244140625,3.446000099182129
2023-05-08,73.16000366210938,101.37000274658203,2026.300048828125,3.5209999084472656
2023-05-09,73.70999908447266,101.63999938964844,2036.199951171875,3.5209999084472656
2023-05-10,72.55999755859375,101.4800033569336,2030.5,3.438999891281128
2023-05-11,70.87000274658203,102.05999755859375,2014.699951171875,3.3970000743865967
2023-05-12,70.04000091552734,102.68000030517578,2014.5,3.4630000591278076
2023-05-15,71.11000061035156,102.43000030517578,2018.0,3.507999897003174
2023-05-16,70.86000061035156,102.55999755859375,1988.4000244140625,3.5490000247955322
2023-05-17,72.83000183105469,102.87999725341797,1980.699951171875,3.5810000896453857
2023-05-18,71.86000061035156,103.58000183105469,1956.5,3.6480000019073486
2023-05-19,71.55000305175781,103.19999694824219,1978.699951171875,3.691999912261963
2023-05-22,71.98999786376953,103.19999694824219,1974.800048828125,3.7190001010894775
2023-05-23,72.91000366210938,103.48999786376953,1972.4000244140625,3.697999954223633
2023-05-24,74.33999633789062,103.88999938964844,1962.800048828125,3.7190001010894775
2023-05-25,71.83000183105469,104.20999908447266,1943.0999755859375,3.813999891281128
2023-05-26,72.66999816894531,104.20999908447266,1944.0999755859375,3.809999942779541
2023-05-30,69.45999908447266,104.16999816894531,1958.0,3.700000047683716
2023-05-31,68.08999633789062,104.31999969482422,1963.9000244140625,3.63700008392334
2023-06-01,70.0999984741211,103.55999755859375,1978.0,3.6080000400543213
2023-06-02,71.73999786376953,104.0199966430664,1952.4000244140625,3.690999984741211
2023-06-05,72.1500015258789,104.0,1958.0,3.693000078201294
2023-06-06,71.73999786376953,104.12999725341797,1965.5,3.6989998817443848
2023-06-07,72.52999877929688,104.0999984741211,1942.699951171875,3.7839999198913574
2023-06-08,71.29000091552734,103.33999633789062,1963.5999755859375,3.7139999866485596
2023-06-09,70.16999816894531,103.55999755859375,1962.199951171875,3.744999885559082
2023-06-12,67.12000274658203,103.62999725341797,1955.300048828125,3.765000104904175
2023-06-13,69.41999816894531,103.33999633789062,1944.5999755859375,3.8389999866485596
2023-06-14,68.2699966430664,103.01000213623047,1955.300048828125,3.7960000038146973
2023-06-15,70.62000274658203,102.12000274658203,1957.800048828125,3.7279999256134033
2023-06-16,71.77999877929688,102.30000305175781,1958.4000244140625,3.7690000534057617
2023-06-20,70.5,102.54000091552734,1935.5,3.7290000915527344
2023-06-21,72.52999877929688,102.06999969482422,1933.300048828125,3.7230000495910645
2023-06-22,69.51000213623047,102.38999938964844,1912.699951171875,3.7990000247955322
2023-06-23,69.16000366210938,102.9000015258789,1919.0999755859375,3.739000082015991
2023-06-26,69.37000274658203,102.69000244140625,1923.699951171875,3.7190001010894775
2023-06-27,67.69999694824219,102.48999786376953,1914.0,3.7679998874664307
2023-06-28,69.55999755859375,102.91000366210938,1912.300048828125,3.7100000381469727
2023-06-29,69.86000061035156,103.33999633789062,1909.199951171875,3.8540000915527344
2023-06-30,70.63999938964844,102.91000366210938,1921.0999755859375,3.819000005722046
2023-07-03,69.79000091552734,102.98999786376953,1921.699951171875,3.8580000400543213
2023-07-05,71.79000091552734,103.37000274658203,1919.5999755859375,3.944999933242798
2023-07-06,71.80000305175781,103.16999816894531,1908.699951171875,4.040999889373779
2023-07-07,73.86000061035156,102.2699966430664,1926.199951171875,4.050000190734863
2023-07-10,72.98999786376953,101.97000122070312,1925.0,4.00600004196167
2023-07-11,74.83000183105469,101.7300033569336,1931.300048828125,3.9800000190734863
2023-07-12,75.75,100.5199966430664,1956.199951171875,3.8610000610351562
2023-07-13,76.88999938964844,99.7699966430664,1959.199951171875,3.760999917984009
2023-07-14,75.41999816894531,99.91000366210938,1960.0999755859375,3.819000005722046
2023-07-17,74.1500015258789,99.83999633789062,1952.4000244140625,3.796999931335449
2023-07-18,75.75,99.94000244140625,1977.199951171875,3.7890000343322754
2023-07-19,75.3499984741211,100.27999877929688,1977.5,3.742000102996826
2023-07-20,75.62999725341797,100.87999725341797,1968.300048828125,3.8540000915527344
2023-07-21,77.06999969482422,101.06999969482422,1964.300048828125,3.8369998931884766
2023-07-24,78.73999786376953,101.3499984741211,1960.300048828125,3.8570001125335693
2023-07-25,79.62999725341797,101.3499984741211,1962.0999755859375,3.9119999408721924
2023-07-26,78.77999877929688,100.88999938964844,1968.9000244140625,3.8510000705718994
2023-07-27,80.08999633789062,101.7699966430664,1945.4000244140625,4.01200008392334
2023-07-28,80.58000183105469,101.62000274658203,1960.4000244140625,3.9690001010894775
2023-07-31,81.80000305175781,101.86000061035156,1970.5,3.9590001106262207
2023-08-01,81.37000274658203,102.30000305175781,1940.699951171875,4.051000118255615
2023-08-02,79.48999786376953,102.58999633789062,1937.4000244140625,4.078000068664551
2023-08-03,81.55000305175781,102.54000091552734,1932.0,4.189000129699707
2023-08-04,82.81999969482422,102.0199966430664,1939.5999755859375,4.059999942779541
2023-08-07,81.94000244140625,102.05000305175781,1933.5,4.078000068664551
2023-08-08,82.91999816894531,102.52999877929688,1924.0999755859375,4.026000022888184
2023-08-09,84.4000015258789,102.48999786376953,1915.4000244140625,4.01200008392334
2023-08-10,82.81999969482422,102.5199966430664,1914.4000244140625,4.079999923706055
2023-08-11,83.19000244140625,102.83999633789062,1912.9000244140625,4.168000221252441
2023-08-14,82.51000213623047,103.19000244140625,1910.5999755859375,4.184000015258789
2023-08-15,80.98999786376953,103.20999908447266,1902.5,4.2210001945495605
2023-08-16,79.37999725341797,103.41999816894531,1896.0999755859375,4.257999897003174
2023-08-17,80.38999938964844,103.44000244140625,1884.0999755859375,4.308000087738037
2023-08-18,81.25,103.37999725341797,1886.0999755859375,4.250999927520752
2023-08-21,80.72000122070312,103.33000183105469,1893.300048828125,4.3420000076293945
2023-08-22,80.3499984741211,103.55999755859375,1896.4000244140625,4.328000068664551
2023-08-23,78.88999938964844,103.36000061035156,1918.5,4.197999954223633
2023-08-24,79.05000305175781,103.9800033569336,1918.199951171875,4.235000133514404
2023-08-25,79.83000183105469,104.08000183105469,1911.0999755859375,4.238999843597412
2023-08-28,80.0999984741211,104.05999755859375,1917.9000244140625,4.211999893188477
2023-08-29,81.16000366210938,103.55000305175781,1936.5,4.122000217437744
2023-08-30,81.62999725341797,103.16000366210938,1944.300048828125,4.118000030517578
2023-08-31,83.62999725341797,103.62000274658203,1938.199951171875,4.0929999351501465
2023-09-01,85.55000305175781,104.23999786376953,1939.800048828125,4.172999858856201
2023-09-05,86.69000244140625,104.80999755859375,1926.199951171875,4.26800012588501
2023-09-06,87.54000091552734,104.86000061035156,1918.0999755859375,4.289999961853027
2023-09-07,86.87000274658203,105.05999755859375,1917.5,4.260000228881836
2023-09-08,87.51000213623047,105.08999633789062,1918.4000244140625,4.257999897003174
2023-09-11,87.29000091552734,104.56999969482422,1923.300048828125,4.288000106811523
2023-09-12,88.83999633789062,104.70999908447266,1911.300048828125,4.263999938964844
2023-09-13,88.5199966430664,104.7699966430664,1909.0999755859375,4.249000072479248
2023-09-14,90.16000366210938,105.41000366210938,1910.0,4.288000106811523
2023-09-15,90.7699966430664,105.31999969482422,1923.699951171875,4.322000026702881
2023-09-18,91.4800033569336,105.19999694824219,1931.5,4.318999767303467
2023-09-19,91.19999694824219,105.19999694824219,1932.0,4.364999771118164
2023-09-20,90.27999877929688,105.16000366210938,1945.5999755859375,4.348999977111816
2023-09-21,89.62999725341797,105.36000061035156,1919.199951171875,4.480000019073486
2023-09-22,90.02999877929688,105.58000183105469,1925.4000244140625,4.438000202178955
2023-09-25,89.68000030517578,106.0,1916.5999755859375,4.541999816894531
2023-09-26,90.38999938964844,106.2300033569336,1900.4000244140625,4.558000087738037
2023-09-27,93.68000030517578,106.66999816894531,1871.5999755859375,4.625999927520752
2023-09-28,91.70999908447266,106.22000122070312,1860.4000244140625,4.5970001220703125
2023-09-29,90.79000091552734,106.16999816894531,1848.0999755859375,4.572999954223633
2023-10-02,88.81999969482422,106.9000015258789,1830.0,4.683000087738037
2023-10-03,89.2300033569336,107.0,1824.5999755859375,4.802000045776367
2023-10-04,84.22000122070312,106.80000305175781,1818.5,4.735000133514404
2023-10-05,82.30999755859375,106.33000183105469,1816.5999755859375,4.7170000076293945
2023-10-06,82.79000091552734,106.04000091552734,1830.199951171875,4.783999919891357
2023-10-09,86.37999725341797,106.08000183105469,1849.5,4.796999931335449
2023-10-10,85.97000122070312,105.83000183105469,1861.0,4.65500020980835
2023-10-11,83.48999786376953,105.81999969482422,1872.800048828125,4.59499979019165
2023-10-12,82.91000366210938,106.56999969482422,1869.300048828125,4.711999893188477
2023-10-13,87.69000244140625,106.6500015258789,1927.4000244140625,4.629000186920166
2023-10-16,86.66000366210938,106.23999786376953,1921.0999755859375,4.711999893188477
2023-10-17,86.66000366210938,106.25,1922.699951171875,4.8470001220703125
2023-10-18,88.31999969482422,106.56999969482422,1955.300048828125,4.9039998054504395
2023-10-19,89.37000274658203,106.25,1968.4000244140625,4.98799991607666
2023-10-20,88.75,106.16000366210938,1982.5,4.923999786376953
2023-10-23,85.48999786376953,105.54000091552734,1976.300048828125,4.8379998207092285
2023-10-24,83.73999786376953,106.2699966430664,1975.0,4.840000152587891
2023-10-25,85.38999938964844,106.52999877929688,1984.0999755859375,4.953000068664551
2023-10-26,83.20999908447266,106.5999984741211,1987.199951171875,4.84499979019165
2023-10-27,85.54000091552734,106.55999755859375,1988.5999755859375,4.84499979019165
2023-10-30,82.30999755859375,106.12000274658203,1996.199951171875,4.875
2023-10-31,81.0199966430664,106.66000366210938,1985.199951171875,4.875
2023-11-01,80.44000244140625,106.87999725341797,1978.800048828125,4.789000034332275
2023-11-02,82.45999908447266,106.12000274658203,1985.5999755859375,4.669000148773193
2023-11-03,80.51000213623047,105.0199966430664,1991.5,4.558000087738037
2023-11-06,80.81999969482422,105.22000122070312,1981.5999755859375,4.6620001792907715
2023-11-07,77.37000274658203,105.54000091552734,1966.800048828125,4.571000099182129
2023-11-08,75.33000183105469,105.58999633789062,1951.5,4.5229997634887695
2023-11-09,75.73999786376953,105.91000366210938,1964.199951171875,4.630000114440918
2023-11-10,77.16999816894531,105.86000061035156,1932.5999755859375,4.627999782562256
2023-11-13,78.26000213623047,105.66000366210938,1945.5,4.631999969482422
2023-11-14,78.26000213623047,104.11000061035156,1961.800048828125,4.440999984741211
2023-11-15,76.66000366210938,104.38999938964844,1960.0999755859375,4.534999847412109
2023-11-16,72.9000015258789,104.37000274658203,1983.9000244140625,4.445000171661377
2023-11-17,75.88999938964844,103.81999969482422,1981.5999755859375,4.440999984741211
2023-11-20,77.5999984741211,103.47000122070312,1977.699951171875,4.421999931335449
2023-11-21,77.7699966430664,103.58999633789062,1999.300048828125,4.418000221252441
2023-11-22,77.0999984741211,103.91999816894531,1991.4000244140625,4.415999889373779
2023-11-24,75.54000091552734,103.4000015258789,2002.199951171875,4.4720001220703125
2023-11-27,74.86000061035156,103.19999694824219,2011.800048828125,4.388999938964844
2023-11-28,76.41000366210938,102.75,2039.699951171875,4.335999965667725
2023-11-29,77.86000061035156,102.7699966430664,2047.0999755859375,4.270999908447266
2023-11-30,75.95999908447266,103.5,2038.0999755859375,4.3520002365112305
2023-12-01,74.06999969482422,103.2699966430664,2071.0,4.22599983215332
2023-12-04,73.04000091552734,103.63999938964844,2024.0999755859375,4.288000106811523
2023-12-05,72.31999969482422,104.05000305175781,2018.5,4.171000003814697
2023-12-06,69.37999725341797,104.1500015258789,2030.5,4.120999813079834
2023-12-07,69.33999633789062,103.54000091552734,2029.9000244140625,4.129000186920166
2023-12-08,71.2300033569336,104.01000213623047,1998.300048828125,4.244999885559082
2023-12-11,71.31999969482422,104.0999984741211,1978.0,4.238999843597412
2023-12-12,68.61000061035156,103.87000274658203,1977.800048828125,4.205999851226807
2023-12-13,69.47000122070312,102.87000274658203,1982.300048828125,4.0329999923706055
2023-12-14,71.58000183105469,101.95999908447266,2030.199951171875,3.930000066757202
2023-12-15,71.43000030517578,102.55000305175781,2021.0999755859375,3.927999973297119
2023-12-18,72.47000122070312,102.51000213623047,2026.300048828125,3.9539999961853027
2023-12-19,73.44000244140625,102.16999816894531,2038.4000244140625,3.921999931335449
2023-12-20,74.22000122070312,102.41000366210938,2034.5,3.877000093460083
2023-12-21,73.88999938964844,101.83999633789062,2039.0999755859375,3.8940000534057617
2023-12-22,73.55999755859375,101.69999694824219,2057.10009765625,3.9010000228881836
2023-12-26,75.56999969482422,101.47000122070312,2058.199951171875,3.885999917984009
2023-12-27,74.11000061035156,100.98999786376953,2081.89990234375,3.7890000343322754
2023-12-28,71.7699966430664,101.2300033569336,2073.89990234375,3.8499999046325684
2023-12-29,71.6500015258789,101.33000183105469,2062.39990234375,3.865999937057495
2024-01-02,70.37999725341797,102.19999694824219,2064.39990234375,3.946000099182129
2024-01-03,72.69999694824219,102.45999908447266,2034.199951171875,3.9070000648498535
2024-01-04,72.19000244140625,102.41999816894531,2042.300048828125,3.990999937057495
2024-01-05,73.80999755859375,102.41000366210938,2042.4000244140625,4.041999816894531
2024-01-08,70.7699966430664,102.20999908447266,2026.5999755859375,4.001999855041504
2024-01-09,72.23999786376953,102.56999969482422,2026.4000244140625,4.019000053405762
2024-01-10,71.37000274658203,102.36000061035156,2021.699951171875,4.03000020980835
2024-01-11,72.0199966430664,102.29000091552734,2014.300048828125,3.9769999980926514
2024-01-12,72.68000030517578,102.4000015258789,2046.699951171875,3.950000047683716
2024-01-16,72.4000015258789,103.36000061035156,2026.0,4.065999984741211
2024-01-17,72.55999755859375,103.44999694824219,2002.5999755859375,4.105999946594238
2024-01-18,74.08000183105469,103.54000091552734,2018.5999755859375,4.144000053405762
2024-01-19,73.41000366210938,103.29000091552734,2026.5,4.145999908447266
2024-01-22,75.19000244140625,103.33000183105469,2019.800048828125,4.093999862670898
2024-01-23,74.37000274658203,103.62000274658203,2023.699951171875,4.142000198364258
2024-01-24,75.08999633789062,103.23999786376953,2013.9000244140625,4.177999973297119
2024-01-25,77.36000061035156,103.56999969482422,2016.9000244140625,4.131999969482422
2024-01-26,78.01000213623047,103.47000122070312,2016.800048828125,4.159999847412109
2024-01-29,76.77999877929688,103.61000061035156,2025.199951171875,4.091000080108643
2024-01-30,77.81999969482422,103.4000015258789,2031.5,4.059000015258789
2024-01-31,75.8499984741211,103.2699966430664,2048.39990234375,3.9670000076293945
2024-02-01,73.81999969482422,103.05000305175781,2053.0,3.86299991607666
2024-02-02,72.27999877929688,103.91999816894531,2036.0999755859375,4.0329999923706055
2024-02-05,72.77999877929688,104.44999694824219,2025.699951171875,4.164000034332275
2024-02-06,73.30999755859375,104.18000030517578,2034.5,4.090000152587891
2024-02-07,73.86000061035156,104.04000091552734,2035.199951171875,4.110000133514404
2024-02-08,76.22000122070312,104.1500015258789,2032.199951171875,4.170000076293945
2024-02-09,76.83999633789062,104.08000183105469,2023.300048828125,4.186999797821045
2024-02-12,76.91999816894531,104.16999816894531,2018.199951171875,4.171999931335449
2024-02-13,77.87000274658203,104.95999908447266,1992.9000244140625,4.315999984741211
2024-02-14,76.63999938964844,104.72000122070312,1990.300048828125,4.267000198364258
2024-02-15,78.02999877929688,104.30000305175781,2002.0999755859375,4.239999771118164
2024-02-16,79.19000244140625,104.27999877929688,2011.5,4.295000076293945
2024-02-20,78.18000030517578,104.08000183105469,2027.5,4.275000095367432
2024-02-21,77.91000366210938,104.01000213623047,2022.300048828125,4.324999809265137
2024-02-22,78.61000061035156,103.95999908447266,2019.699951171875,4.327000141143799
2024-02-23,76.48999786376953,103.94000244140625,2038.5999755859375,4.260000228881836
2024-02-26,77.58000183105469,103.83000183105469,2028.5,4.298999786376953
2024-02-27,78.87000274658203,103.83000183105469,2034.0,4.315000057220459
2024-02-28,78.54000091552734,103.9800033569336,2033.0,4.27400016784668
2024-02-29,78.26000213623047,104.16000366210938,2045.699951171875,4.251999855041504
2024-03-01,79.97000122070312,103.86000061035156,2086.89990234375,4.179999828338623
2024-03-04,78.73999786376953,103.83000183105469,2117.699951171875,4.218999862670898
2024-03-05,78.1500015258789,103.80000305175781,2133.5,4.13700008392334
2024-03-06,79.12999725341797,103.37000274658203,2150.300048828125,4.104000091552734
2024-03-07,78.93000030517578,102.81999969482422,2158.0,4.0920000076293945
2024-03-08,78.01000213623047,102.73999786376953,2178.60009765625,4.089000225067139
2024-03-11,77.93000030517578,102.87000274658203,2182.5,4.104000091552734
2024-03-12,77.55999755859375,102.95999908447266,2160.39990234375,4.15500020980835
2024-03-13,79.72000122070312,102.79000091552734,2175.39990234375,4.191999912261963
2024-03-14,81.26000213623047,103.36000061035156,2163.0,4.297999858856201
2024-03-15,81.04000091552734,103.43000030517578,2157.300048828125,4.303999900817871
2024-03-18,82.72000122070312,103.58000183105469,2160.699951171875,4.340000152587891
2024-03-19,83.47000122070312,103.80999755859375,2156.300048828125,4.296999931335449
2024-03-20,81.68000030517578,103.41000366210938,2157.89990234375,4.2729997634887695
2024-03-21,81.06999969482422,104.0,2182.39990234375,4.270999908447266
2024-03-22,80.62999725341797,104.43000030517578,2158.10009765625,4.2179999351501465
2024-03-25,81.94999694824219,104.2300033569336,2174.800048828125,4.252999782562256
2024-03-26,81.62000274658203,104.29000091552734,2175.60009765625,4.234000205993652
2024-03-27,81.3499984741211,104.3499984741211,2190.60009765625,4.196000099182129
2024-03-28,83.16999816894531,104.55000305175781,2217.39990234375,4.205999851226807
2024-04-01,83.70999908447266,105.0199966430664,2236.5,4.328999996185303
2024-04-02,85.1500015258789,104.81999969482422,2261.0,4.364999771118164
2024-04-03,85.43000030517578,104.25,2294.39990234375,4.355000019073486
2024-04-04,86.58999633789062,104.12000274658203,2288.800048828125,4.309000015258789
2024-04-05,86.91000366210938,104.30000305175781,2325.699951171875,4.377999782562256
2024-04-08,86.43000030517578,104.13999938964844,2331.699951171875,4.423999786376953
2024-04-09,85.2300033569336,104.1500015258789,2343.5,4.366000175476074
2024-04-10,86.20999908447266,105.25,2329.60009765625,4.559999942779541
2024-04-11,85.0199966430664,105.27999877929688,2354.800048828125,4.576000213623047
2024-04-12,85.66000366210938,106.04000091552734,2356.199951171875,4.499000072479248
2024-04-15,85.41000366210938,106.20999908447266,2365.800048828125,4.627999782562256
2024-04-16,85.36000061035156,106.26000213623047,2390.800048828125,4.658999919891357
2024-04-17,82.69000244140625,105.94999694824219,2371.699951171875,4.585000038146973
2024-04-18,82.7300033569336,106.1500015258789,2382.300048828125,4.646999835968018
2024-04-19,83.13999938964844,106.1500015258789,2398.39990234375,4.614999771118164
2024-04-22,82.8499984741211,106.08000183105469,2332.199951171875,4.623000144958496
2024-04-23,83.36000061035156,105.69000244140625,2327.699951171875,4.5980000495910645
2024-04-24,82.80999755859375,105.86000061035156,2324.5,4.6519999504089355
2024-04-25,83.56999969482422,105.5999984741211,2329.800048828125,4.705999851226807
2024-04-26,83.8499984741211,105.94000244140625,2334.800048828125,4.669000148773193
2024-04-29,82.62999725341797,105.58000183105469,2345.39990234375,4.613999843597412
2024-04-30,81.93000030517578,106.22000122070312,2291.39990234375,4.685999870300293
2024-05-01,79.0,105.76000213623047,2299.89990234375,4.59499979019165
2024-05-02,78.94999694824219,105.30000305175781,2299.199951171875,4.571000099182129
2024-05-03,78.11000061035156,105.02999877929688,2299.0,4.5
2024-05-06,78.4800033569336,105.05000305175781,2321.60009765625,4.488999843597412
2024-05-07,78.37999725341797,105.41000366210938,2315.199951171875,4.4629998207092285
2024-05-08,78.98999786376953,105.55000305175781,2313.60009765625,4.492000102996826
2024-05-09,79.26000213623047,105.2300033569336,2332.10009765625,4.448999881744385
2024-05-10,78.26000213623047,105.30999755859375,2367.300048828125,4.504000186920166
2024-05-13,79.12000274658203,105.22000122070312,2336.10009765625,4.480999946594238
2024-05-14,78.0199966430664,105.01000213623047,2353.39990234375,4.445000171661377
2024-05-15,78.62999725341797,104.3499984741211,2388.699951171875,4.355999946594238
2024-05-16,79.2300033569336,104.45999908447266,2380.0,4.376999855041504
2024-05-17,80.05999755859375,104.44999694824219,2412.199951171875,4.420000076293945
2024-05-20,79.80000305175781,104.56999969482422,2433.89990234375,4.436999797821045
2024-05-21,79.26000213623047,104.66000366210938,2421.699951171875,4.414000034332275
2024-05-22,77.56999969482422,104.94000244140625,2389.199951171875,4.434000015258789
2024-05-23,76.87000274658203,105.11000061035156,2335.0,4.474999904632568
2024-05-24,77.72000122070312,104.72000122070312,2332.5,4.4670000076293945
2024-05-28,79.83000183105469,104.61000061035156,2355.199951171875,4.541999816894531
2024-05-29,79.2300033569336,105.0999984741211,2340.300048828125,4.624000072479248
2024-05-30,77.91000366210938,104.72000122070312,2342.89990234375,4.553999900817871
2024-05-31,76.98999786376953,104.66999816894531,2322.89990234375,4.513999938964844
2024-06-03,74.22000122070312,104.13999938964844,2346.60009765625,4.4019999504089355
2024-06-04,73.25,104.11000061035156,2325.5,4.335999965667725
2024-06-05,74.06999969482422,104.2699966430664,2354.10009765625,4.289000034332275
2024-06-06,75.55000305175781,104.0999984741211,2370.300048828125,4.281000137329102
2024-06-07,75.52999877929688,104.88999938964844,2305.199951171875,4.429999828338623
2024-06-10,77.73999786376953,105.1500015258789,2307.699951171875,4.468999862670898
2024-06-11,77.9000015258789,105.2300033569336,2307.5,4.4039998054504395
2024-06-12,78.5,104.6500015258789,2336.0,4.295000076293945
2024-06-13,78.62000274658203,105.19999694824219,2300.199951171875,4.23799991607666
2024-06-14,78.44999694824219,105.55000305175781,2331.39990234375,4.2129998207092285
2024-06-17,80.33000183105469,105.31999969482422,2312.39990234375,4.2789998054504395
2024-06-18,81.56999969482422,105.26000213623047,2330.39990234375,4.2170000076293945
2024-06-20,82.16999816894531,105.58999633789062,2353.800048828125,4.254000186920166
2024-06-21,80.7300033569336,105.80000305175781,2316.39990234375,4.256999969482422
2024-06-24,81.62999725341797,105.47000122070312,2330.0,4.248000144958496
2024-06-25,80.83000183105469,105.61000061035156,2316.60009765625,4.23799991607666
2024-06-26,80.9000015258789,106.05000305175781,2299.199951171875,4.315999984741211
2024-06-27,81.73999786376953,105.91000366210938,2324.5,4.288000106811523
2024-06-28,81.54000091552734,105.87000274658203,2327.699951171875,4.3429999351501465
2024-07-01,83.37999725341797,105.9000015258789,2327.60009765625,4.479000091552734
2024-07-02,82.80999755859375,105.72000122070312,2323.0,4.435999870300293
2024-07-03,83.87999725341797,105.4000015258789,2359.800048828125,4.355000019073486
2024-07-05,83.16000366210938,104.87999725341797,2388.5,4.271999835968018
2024-07-08,82.33000183105469,105.01000213623047,2355.199951171875,4.269000053405762
2024-07-09,81.41000366210938,105.12000274658203,2360.10009765625,4.300000190734863
2024-07-10,82.0999984741211,105.05000305175781,2372.199951171875,4.28000020980835
2024-07-11,82.62000274658203,104.44000244140625,2415.0,4.192999839782715
2024-07-12,82.20999908447266,104.08999633789062,2414.0,4.189000129699707
2024-07-15,81.91000366210938,104.19000244140625,2422.89990234375,4.229000091552734
2024-07-16,80.76000213623047,104.2699966430664,2462.39990234375,4.166999816894531
2024-07-17,82.8499984741211,103.75,2454.800048828125,4.145999908447266
2024-07-18,82.81999969482422,104.16999816894531,2451.800048828125,4.189000129699707
2024-07-19,80.12999725341797,104.4000015258789,2395.5,4.238999843597412
2024-07-22,79.77999877929688,104.30999755859375,2392.0,4.260000228881836
2024-07-23,76.95999908447266,104.44999694824219,2404.60009765625,4.238999843597412
2024-07-24,77.58999633789062,104.38999938964844,2413.300048828125,4.285999774932861
2024-07-25,78.27999877929688,104.36000061035156,2351.89990234375,4.25600004196167
2024-07-26,77.16000366210938,104.31999969482422,2380.0,4.199999809265137
2024-07-29,75.80999755859375,104.55999755859375,2377.300048828125,4.177999973297119
2024-07-30,74.7300033569336,104.55000305175781,2405.0,4.14300012588501
2024-07-31,77.91000366210938,104.0999984741211,2426.5,4.109000205993652
2024-08-01,76.30999755859375,104.41999816894531,2435.0,3.9760000705718994
2024-08-02,73.5199966430664,103.20999908447266,2425.699951171875,3.7920000553131104
2024-08-05,72.94000244140625,102.69000244140625,2401.699951171875,3.7850000858306885
2024-08-06,73.19999694824219,102.97000122070312,2389.10009765625,3.888000011444092
2024-08-07,75.2300033569336,103.19999694824219,2390.5,3.9679999351501465
2024-08-08,76.19000244140625,103.20999908447266,2422.199951171875,3.996999979019165
2024-08-09,76.83999633789062,103.13999938964844,2432.10009765625,3.941999912261963
2024-08-12,80.05999755859375,103.13999938964844,2462.39990234375,3.9089999198913574
2024-08-13,78.3499984741211,102.55999755859375,2466.699951171875,3.8519999980926514
2024-08-14,76.9800033569336,102.56999969482422,2439.39990234375,3.819999933242798
2024-08-15,78.16000366210938,102.9800033569336,2453.10009765625,3.9260001182556152
2024-08-16,76.6500015258789,102.45999908447266,2498.60009765625,3.8919999599456787
2024-08-19,74.37000274658203,101.88999938964844,2501.800048828125,3.867000102996826
2024-08-20,74.04000091552734,101.44000244140625,2511.300048828125,3.818000078201294
2024-08-21,71.93000030517578,101.04000091552734,2508.39990234375,3.7780001163482666
2024-08-22,73.01000213623047,101.51000213623047,2478.89990234375,3.861999988555908
2024-08-23,74.83000183105469,100.72000122070312,2508.39990234375,3.806999921798706
2024-08-26,77.41999816894531,100.8499984741211,2517.699951171875,3.818000078201294
2024-08-27,75.52999877929688,100.55000305175781,2516.0,3.8329999446868896
2024-08-28,74.5199966430664,101.08999633789062,2501.0,3.8410000801086426
2024-08-29,75.91000366210938,101.33999633789062,2525.699951171875,3.867000102996826
2024-08-30,73.55000305175781,101.69999694824219,2493.800048828125,3.9110000133514404
2024-09-03,70.33999633789062,101.83000183105469,2489.89990234375,3.8440001010894775
2024-09-04,69.19999694824219,101.36000061035156,2493.39990234375,3.7679998874664307
2024-09-05,69.1500015258789,101.11000061035156,2511.39990234375,3.7309999465942383
2024-09-06,67.66999816894531,101.18000030517578,2493.5,3.7100000381469727
2024-09-09,68.70999908447266,101.55000305175781,2501.800048828125,3.697000026702881
2024-09-10,65.75,101.62999725341797,2512.300048828125,3.6459999084472656
2024-09-11,67.30999755859375,101.68000030517578,2512.10009765625,3.6530001163482666
2024-09-12,68.97000122070312,101.37000274658203,2551.199951171875,3.680000066757202
2024-09-13,68.6500015258789,101.11000061035156,2581.300048828125,3.6500000953674316
2024-09-16,70.08999633789062,100.76000213623047,2580.39990234375,3.621000051498413
2024-09-17,71.19000244140625,100.88999938964844,2564.300048828125,3.6419999599456787
2024-09-18,70.91000366210938,100.5999984741211,2570.699951171875,3.684999942779541
2024-09-19,71.94999694824219,100.61000061035156,2588.0,3.740000009536743
2024-09-20,71.91999816894531,100.72000122070312,2619.89990234375,3.7279999256134033
2024-09-23,70.37000274658203,100.91999816894531,2626.5,3.739000082015991
2024-09-24,71.55999755859375,100.37000274658203,2651.199951171875,3.7360000610351562
2024-09-25,69.69000244140625,100.91999816894531,2659.199951171875,3.7809998989105225
2024-09-26,67.66999816894531,100.55999755859375,2669.89990234375,3.7909998893737793
2024-09-27,68.18000030517578,100.41999816894531,2644.300048828125,3.749000072479248
2024-09-30,68.16999816894531,100.77999877929688,2636.10009765625,3.802000045776367
2024-10-01,69.83000183105469,101.19000244140625,2667.300048828125,3.743000030517578
2024-10-02,70.0999984741211,101.68000030517578,2647.10009765625,3.7850000858306885
2024-10-03,73.70999908447266,101.98999786376953,2657.10009765625,3.8499999046325684
2024-10-04,74.37999725341797,102.5199966430664,2645.800048828125,3.9809999465942383
2024-10-07,77.13999938964844,102.54000091552734,2644.800048828125,4.026000022888184
2024-10-08,73.56999969482422,102.55000305175781,2615.0,4.0329999923706055
2024-10-09,73.23999786376953,102.93000030517578,2606.0,4.066999912261963
2024-10-10,75.8499984741211,102.98999786376953,2620.60009765625,4.0960001945495605
2024-10-11,75.55999755859375,102.88999938964844,2657.60009765625,4.072999954223633
2024-10-14,73.83000183105469,103.30000305175781,2647.800048828125,4.0980000495910645
2024-10-15,70.58000183105469,103.26000213623047,2661.39990234375,4.038000106811523
2024-10-16,70.38999938964844,103.58999633789062,2674.0,4.015999794006348
2024-10-17,70.66999816894531,103.83000183105469,2691.0,4.0960001945495605
2024-10-18,69.22000122070312,103.48999786376953,2713.699951171875,4.072999954223633
2024-10-21,70.55999755859375,104.01000213623047,2723.10009765625,4.182000160217285
2024-10-22,72.08999633789062,104.08000183105469,2744.199951171875,4.203999996185303
2024-10-23,70.7699966430664,104.43000030517578,2714.39990234375,4.242000102996826
2024-10-24,70.19000244140625,104.05999755859375,2734.89990234375,4.199999809265137
2024-10-25,71.77999877929688,104.26000213623047,2740.89990234375,4.23199987411499
2024-10-28,67.37999725341797,104.31999969482422,2742.89990234375,4.2779998779296875
2024-10-29,67.20999908447266,104.27999877929688,2768.39990234375,4.27400016784668
2024-10-30,68.61000061035156,103.98999786376953,2788.5,4.265999794006348
2024-10-31,69.26000213623047,103.9800033569336,2738.300048828125,4.283999919891357
2024-11-01,69.48999786376953,104.27999877929688,2738.60009765625,4.361000061035156
2024-11-04,71.47000122070312,103.88999938964844,2736.10009765625,4.309000015258789
2024-11-05,71.98999786376953,103.41999816894531,2740.300048828125,4.289000034332275
2024-11-06,71.69000244140625,105.08999633789062,2667.60009765625,4.426000118255615
2024-11-07,72.36000061035156,104.51000213623047,2698.39990234375,4.341000080108643
2024-11-08,70.37999725341797,105.0,2687.5,4.306000232696533
2024-11-11,68.04000091552734,105.54000091552734,2611.199951171875,4.308000087738037
2024-11-12,68.12000274658203,106.0199966430664,2600.0,4.432000160217285
2024-11-13,68.43000030517578,106.4800033569336,2580.800048828125,4.451000213623047
2024-11-14,68.69999694824219,106.66999816894531,2568.199951171875,4.418000221252441
2024-11-15,67.0199966430664,106.69000244140625,2565.699951171875,4.427999973297119
2024-11-18,69.16000366210938,106.27999877929688,2610.60009765625,4.414000034332275
2024-11-19,69.38999938964844,106.20999908447266,2627.10009765625,4.379000186920166
2024-11-20,68.87000274658203,106.68000030517578,2648.199951171875,4.406000137329102
2024-11-21,70.0999984741211,106.97000122070312,2672.10009765625,4.432000160217285
2024-11-22,71.23999786376953,107.48999786376953,2709.89990234375,4.409999847412109
2024-11-25,68.94000244140625,106.81999969482422,2616.800048828125,4.264999866485596
2024-11-26,68.7699966430664,107.01000213623047,2620.300048828125,4.302000045776367
2024-11-27,68.72000122070312,106.08000183105469,2639.89990234375,4.242000102996826
2024-11-29,68.0,105.73999786376953,2657.0,4.177999973297119
2024-12-02,68.0999984741211,106.44999694824219,2634.89990234375,4.196000099182129
2024-12-03,69.94000244140625,106.37000274658203,2644.699951171875,4.2230000495910645
2024-12-04,68.54000091552734,106.33999633789062,2653.800048828125,4.179999828338623
2024-12-05,68.30000305175781,105.70999908447266,2626.60009765625,4.179999828338623
2024-12-06,67.19999694824219,105.97000122070312,2638.60009765625,4.151000022888184
2024-12-09,68.37000274658203,106.1500015258789,2664.89990234375,4.198999881744385
2024-12-10,68.58999633789062,106.4000015258789,2697.60009765625,4.2210001945495605
2024-12-11,70.29000091552734,106.70999908447266,2733.800048828125,4.270999908447266
2024-12-12,70.0199966430664,106.95999908447266,2687.5,4.323999881744385
2024-12-13,71.29000091552734,107.0,2656.0,4.39900016784668
2024-12-16,70.70999908447266,106.86000061035156,2651.39990234375,4.396999835968018
2024-12-17,70.08000183105469,106.95999908447266,2644.39990234375,4.385000228881836
2024-12-18,70.58000183105469,108.02999877929688,2636.5,4.49399995803833
2024-12-19,69.91000366210938,108.41000366210938,2592.199951171875,4.570000171661377
2024-12-20,69.45999908447266,107.62000274658203,2628.699951171875,4.52400016784668
2024-12-23,69.23999786376953,108.04000091552734,2612.300048828125,4.598999977111816
2024-12-24,70.0999984741211,108.26000213623047,2620.0,4.591000080108643
2024-12-26,69.62000274658203,108.12999725341797,2638.800048828125,4.578999996185303
2024-12-27,70.5999984741211,108.0,2617.199951171875,4.61899995803833
2024-12-30,70.98999786376953,108.12999725341797,2606.10009765625,4.545000076293945
2024-12-31,71.72000122070312,108.48999786376953,2629.199951171875,4.572999954223633
2025-01-02,73.12999725341797,109.38999938964844,2658.89990234375,4.574999809265137
2025-01-03,73.95999908447266,108.94999694824219,2645.0,4.5960001945495605
2025-01-06,73.55999755859375,108.26000213623047,2638.39990234375,4.618000030517578
2025-01-07,74.25,108.54000091552734,2656.699951171875,4.683000087738037
2025-01-08,73.31999969482422,109.08999633789062,2664.5,4.692999839782715
2025-01-09,73.91999816894531,109.18000030517578,2683.800048828125,
2025-01-10,76.56999969482422,109.6500015258789,2708.5,4.776000022888184
2025-01-13,78.81999969482422,109.95999908447266,2673.5,4.802999973297119
2025-01-14,77.5,109.2699966430664,2677.5,4.788000106811523
2025-01-15,80.04000091552734,109.08999633789062,2712.5,4.6529998779296875
2025-01-16,78.68000030517578,108.95999908447266,2746.39990234375,4.605999946594238
2025-01-17,77.87999725341797,109.3499984741211,2744.300048828125,4.609000205993652
2025-01-21,75.88999938964844,108.05999755859375,2755.0,4.573999881744385
2025-01-22,75.44000244140625,108.16999816894531,2767.60009765625,4.598999977111816
2025-01-23,74.62000274658203,108.05000305175781,2763.10009765625,4.638000011444092
2025-01-24,74.66000366210938,107.44000244140625,2777.300048828125,4.625999927520752
2025-01-27,73.16999816894531,107.33999633789062,2737.5,4.5279998779296875
2025-01-28,73.7699966430664,107.87000274658203,2766.800048828125,4.551000118255615
2025-01-29,72.62000274658203,108.0,2769.10009765625,4.554999828338623
2025-01-30,72.7300033569336,107.80000305175781,2823.0,4.51200008392334
2025-01-31,72.52999877929688,108.37000274658203,2812.5,4.568999767303467
2025-02-03,73.16000366210938,108.98999786376953,2833.89990234375,4.543000221252441
2025-02-04,72.69999694824219,107.95999908447266,2853.300048828125,4.513000011444092
2025-02-05,71.02999877929688,107.58000183105469,2871.60009765625,4.421999931335449
2025-02-06,70.61000061035156,107.69000244140625,2856.0,4.440000057220459
2025-02-07,71.0,108.04000091552734,2867.300048828125,4.486999988555908
2025-02-10,72.31999969482422,108.31999969482422,2914.300048828125,4.493000030517578
2025-02-11,73.31999969482422,107.95999908447266,2912.5,4.5370001792907715
2025-02-12,71.37000274658203,107.94000244140625,2909.0,4.63700008392334
2025-02-13,71.29000091552734,107.30999755859375,2925.89990234375,4.525000095367432
2025-02-14,70.73999786376953,106.56999969482422,2883.60009765625,4.4720001220703125
2025-02-18,71.8499984741211,107.05000305175781,2931.60009765625,4.544000148773193
2025-02-19,72.25,107.16999816894531,2919.39990234375,4.534999847412109
2025-02-20,72.56999969482422,106.33999633789062,2940.0,4.5
2025-02-21,70.4000015258789,106.61000061035156,2937.60009765625,4.420000076293945
2025-02-24,70.69999694824219,106.5999984741211,2947.89990234375,4.39300012588501
2025-02-25,68.93000030517578,106.30999755859375,2904.5,4.297999858856201
2025-02-26,68.62000274658203,106.41999816894531,2916.800048828125,4.249000072479248
2025-02-27,70.3499984741211,107.23999786376953,2883.199951171875,4.284999847412109
2025-02-28,69.76000213623047,107.61000061035156,2836.800048828125,4.230999946594238
2025-03-03,68.37000274658203,106.75,2890.199951171875,4.179999828338623
2025-03-04,68.26000213623047,105.73999786376953,2909.60009765625,4.210000038146973
2025-03-05,66.30999755859375,105.73999786376953,2915.300048828125,4.264999866485596
2025-03-06,66.36000061035156,104.05999755859375,2916.60009765625,4.285999774932861
2025-03-07,67.04000091552734,103.83999633789062,2904.699951171875,4.316999912261963
2025-03-10,66.02999877929688,103.91000366210938,2891.0,4.2129998207092285
2025-03-11,66.25,103.44000244140625,2912.89990234375,4.288000106811523
2025-03-12,67.68000030517578,103.61000061035156,2939.10009765625,4.317999839782715
2025-03-13,66.55000305175781,103.83000183105469,2984.300048828125,4.27400016784668
2025-03-14,67.18000030517578,103.72000122070312,2994.5,4.308000087738037
2025-03-17,67.58000183105469,103.37000274658203,3000.0,4.306000232696533
2025-03-18,66.9000015258789,103.23999786376953,3035.10009765625,4.281000137329102
2025-03-19,67.16000366210938,103.43000030517578,3035.89990234375,4.25600004196167
2025-03-20,68.26000213623047,103.8499984741211,3040.0,4.232999801635742
2025-03-21,68.27999877929688,104.08999633789062,3018.199951171875,4.251999855041504
2025-03-24,69.11000061035156,104.26000213623047,3013.10009765625,4.330999851226807
2025-03-25,69.0,104.18000030517578,3023.699951171875,4.307000160217285
2025-03-26,69.6500015258789,104.55000305175781,3020.89990234375,4.3379998207092285
2025-03-27,69.91999816894531,104.06999969482422,3060.199951171875,4.36899995803833
2025-03-28,69.36000061035156,104.04000091552734,3086.5,4.255000114440918
2025-03-31,71.4800033569336,104.20999908447266,3122.800048828125,4.245999813079834
2025-04-01,71.19999694824219,104.26000213623047,3118.89990234375,4.156000137329102
2025-04-02,71.70999908447266,103.80999755859375,3139.89990234375,4.196000099182129
2025-04-03,66.94999694824219,102.06999969482422,3097.0,4.054999828338623
2025-04-04,61.9900016784668,103.0199966430664,3012.0,3.984999895095825
2025-04-07,60.70000076293945,103.26000213623047,2951.300048828125,4.15500020980835
2025-04-08,59.58000183105469,102.95999908447266,2968.39990234375,4.26200008392334
2025-04-09,62.349998474121094,102.9000015258789,3056.5,4.400000095367432
2025-04-10,60.06999969482422,100.87000274658203,3155.199951171875,4.394000053405762
2025-04-11,61.5,99.77999877929688,3222.199951171875,4.493000030517578
2025-04-14,61.529998779296875,99.63999938964844,3204.800048828125,4.363999843597412
2025-04-15,61.33000183105469,100.22000122070312,3218.699951171875,4.322999954223633
2025-04-16,62.470001220703125,99.37999725341797,3326.60009765625,4.2789998054504395
2025-04-17,64.68000030517578,99.37999725341797,3308.699951171875,4.333000183105469
2025-04-21,63.08000183105469,98.27999877929688,3406.199951171875,4.40500020980835
2025-04-22,64.30999755859375,98.91999816894531,3400.800048828125,4.388999938964844
2025-04-23,62.27000045776367,99.83999633789062,3276.300048828125,4.38700008392334
2025-04-24,62.790000915527344,99.29000091552734,3332.0,4.304999828338623
2025-04-25,63.02000045776367,99.47000122070312,3282.39990234375,4.265999794006348
2025-04-28,62.04999923706055,99.01000213623047,3332.5,4.216000080108643
2025-04-29,60.41999816894531,99.23999786376953,3318.800048828125,4.172999858856201
2025-04-30,58.209999084472656,99.47000122070312,3305.0,4.177000045776367
2025-05-01,59.2400016784668,100.25,3210.0,4.230999946594238
2025-05-02,58.290000915527344,100.0,3231.89990234375,4.322000026702881
2025-05-05,57.130001068115234,99.83000183105469,3311.300048828125,4.3429999351501465
2025-05-06,59.09000015258789,99.23999786376953,3411.39990234375,4.308000087738037
2025-05-07,58.06999969482422,99.61000061035156,3381.39990234375,4.275000095367432
2025-05-08,59.90999984741211,100.63999938964844,3296.60009765625,4.373000144958496
2025-05-09,61.02000045776367,100.33999633789062,3335.39990234375,4.375
2025-05-12,61.95000076293945,101.79000091552734,3220.0,4.456999778747559
2025-05-13,63.66999816894531,101.0,3240.300048828125,4.499000072479248
2025-05-14,63.150001525878906,101.04000091552734,3181.39990234375,4.5279998779296875
2025-05-15,61.619998931884766,100.87999725341797,3220.699951171875,4.454999923706055
2025-05-16,62.4900016784668,101.08999633789062,3182.0,4.440999984741211
2025-05-19,62.689998626708984,100.43000030517578,3228.89990234375,4.474999904632568
2025-05-20,62.560001373291016,100.12000274658203,3280.300048828125,4.480999946594238
2025-05-21,61.56999969482422,99.55999755859375,3309.300048828125,4.5960001945495605
2025-05-22,61.20000076293945,99.95999908447266,3292.300048828125,4.552999973297119
2025-05-23,61.529998779296875,99.11000061035156,3363.60009765625,4.508999824523926
2025-05-26,,98.93000030517578,,
2025-05-27,60.88999938964844,99.5199966430664,3299.10009765625,4.434000015258789
2025-05-28,61.84000015258789,99.87999725341797,3293.60009765625,4.4770002365112305
2025-05-29,60.939998626708984,99.27999877929688,3317.10009765625,4.423999786376953
2025-05-30,60.790000915527344,99.33000183105469,3288.89990234375,4.415999889373779
2025-06-02,62.52000045776367,98.69999694824219,3370.60009765625,4.461999893188477
2025-06-03,63.40999984741211,99.25,3350.199951171875,4.460000038146973
2025-06-04,62.849998474121094,98.79000091552734,3373.5,4.364999771118164
2025-06-05,63.369998931884766,98.73999786376953,3350.699951171875,4.394000053405762
2025-06-06,64.58000183105469,99.19000244140625,3322.699951171875,4.510000228881836
2025-06-09,65.29000091552734,98.94000244140625,3332.10009765625,4.48199987411499
2025-06-10,64.9800033569336,99.05000305175781,3320.89990234375,4.473999977111816
2025-06-11,68.1500015258789,98.62999725341797,3321.300048828125,4.4120001792907715
2025-06-12,68.04000091552734,97.91999816894531,3380.89990234375,4.35699987411499
2025-06-13,72.9800033569336,98.18000030517578,3431.199951171875,4.423999786376953
2025-06-16,71.7699966430664,98.0,3396.39990234375,4.452000141143799
2025-06-17,74.83999633789062,98.81999969482422,3386.60009765625,4.39300012588501
2025-06-18,75.13999938964844,98.91000366210938,3389.800048828125,4.396999835968018
2025-06-20,74.93000030517578,98.70999908447266,3368.10009765625,4.375
2025-06-23,68.51000213623047,98.41999816894531,3377.699951171875,4.320000171661377
2025-06-24,64.37000274658203,97.86000061035156,3317.39990234375,4.293000221252441
2025-06-25,64.91999816894531,97.68000030517578,3327.10009765625,4.293000221252441
2025-06-26,65.23999786376953,97.1500015258789,3333.5,4.252999782562256
2025-06-27,65.5199966430664,97.4000015258789,3273.699951171875,4.2829999923706055
2025-06-30,65.11000061035156,96.87999725341797,3294.39990234375,4.230000019073486
2025-07-01,65.44999694824219,96.81999969482422,3336.699951171875,4.250999927520752
2025-07-02,67.44999694824219,96.77999877929688,3348.0,4.293000221252441
2025-07-03,67.0,97.18000030517578,3331.60009765625,4.3480000495910645
2025-07-04,66.5,,3332.5,
2025-07-07,67.93000030517578,97.4800033569336,3332.199951171875,4.394999980926514
2025-07-08,68.33000183105469,97.51000213623047,3307.0,4.414999961853027
2025-07-09,68.37999725341797,97.47000122070312,3311.60009765625,4.3420000076293945
2025-07-10,66.56999969482422,97.6500015258789,3317.39990234375,4.3460001945495605
2025-07-11,68.44999694824219,97.8499984741211,3356.0,4.422999858856201
2025-07-14,66.9800033569336,98.08000183105469,3351.5,4.427000045776367
2025-07-15,66.5199966430664,98.62000274658203,3329.800048828125,4.488999843597412
2025-07-16,66.37999725341797,98.38999938964844,3352.5,4.454999923706055
2025-07-17,67.54000091552734,98.7300033569336,3340.10009765625,4.4629998207092285
2025-07-18,67.33999633789062,98.4800033569336,3353.0,4.432000160217285
2025-07-21,67.19999694824219,97.8499984741211,3401.89990234375,4.372000217437744
2025-07-22,66.20999908447266,97.38999938964844,3439.199951171875,4.335999965667725
2025-07-23,65.25,97.20999908447266,3394.10009765625,4.388000011444092
2025-07-24,66.02999877929688,97.37999725341797,3371.0,4.4079999923706055
2025-07-25,65.16000366210938,97.6500015258789,3334.0,4.386000156402588
2025-07-28,66.70999908447266,98.66000366210938,3309.10009765625,4.420000076293945
2025-07-29,69.20999908447266,98.91000366210938,3323.39990234375,4.329999923706055
2025-07-30,70.0,99.94000244140625,3295.800048828125,4.375999927520752
2025-07-31,69.26000213623047,100.02999877929688,3293.199951171875,4.360000133514404
2025-08-01,67.33000183105469,98.69000244140625,3347.699951171875,4.21999979019165
2025-08-04,66.29000091552734,98.77999877929688,3374.39990234375,4.199999809265137
2025-08-05,65.16000366210938,98.77999877929688,3381.89990234375,4.196000099182129
2025-08-06,64.3499984741211,98.18000030517578,3380.0,4.21999979019165
2025-08-07,63.880001068115234,98.4000015258789,3400.300048828125,4.24399995803833
2025-08-08,63.880001068115234,98.18000030517578,3439.10009765625,4.284999847412109
2025-08-11,63.959999084472656,98.5199966430664,3353.10009765625,4.2729997634887695
2025-08-12,63.16999816894531,98.0999984741211,3348.89990234375,4.293000221252441
2025-08-13,62.650001525878906,97.83999633789062,3358.699951171875,4.23799991607666
2025-08-14,63.959999084472656,98.25,3335.199951171875,4.293000221252441
2025-08-15,62.79999923706055,97.8499984741211,3336.0,4.328000068664551
2025-08-18,63.41999816894531,98.16999816894531,3331.699951171875,4.341000080108643
2025-08-19,62.349998474121094,98.2699966430664,3313.39990234375,4.302000045776367
2025-08-20,63.209999084472656,98.22000122070312,3343.39990234375,4.296000003814697
2025-08-21,63.52000045776367,98.62000274658203,3336.89990234375,4.329999923706055
2025-08-22,63.65999984741211,97.72000122070312,3374.39990234375,4.260000228881836
2025-08-25,64.80000305175781,98.43000030517578,3373.800048828125,4.275000095367432
2025-08-26,63.25,98.2300033569336,3388.60009765625,4.257999897003174
2025-08-27,64.1500015258789,98.2300033569336,3404.60009765625,4.23799991607666
2025-08-28,64.5999984741211,97.80999755859375,3431.800048828125,4.206999778747559
2025-08-29,64.01000213623047,97.7699966430664,3473.699951171875,4.2270002365112305
2025-09-02,65.58999633789062,98.4000015258789,3549.39990234375,4.2769999504089355
2025-09-03,63.970001220703125,98.13999938964844,3593.199951171875,4.210999965667725
2025-09-04,63.47999954223633,98.3499984741211,3565.800048828125,4.176000118255615
2025-09-05,61.869998931884766,97.7699966430664,3613.199951171875,4.085999965667725
2025-09-08,62.2599983215332,97.44999694824219,3638.10009765625,4.046000003814697
2025-09-09,62.630001068115234,97.79000091552734,3643.300048828125,4.073999881744385
2025-09-10,63.66999816894531,97.77999877929688,3643.60009765625,4.0320000648498535
2025-09-11,62.369998931884766,97.54000091552734,3636.89990234375,4.011000156402588
2025-09-12,62.689998626708984,97.55000305175781,3649.39990234375,4.060999870300293
2025-09-15,63.29999923706055,97.30000305175781,3682.199951171875,4.033999919891357
2025-09-16,64.5199966430664,96.62999725341797,3688.89990234375,4.026000022888184
2025-09-17,64.05000305175781,96.87000274658203,3681.800048828125,4.076000213623047
2025-09-18,63.56999969482422,97.3499984741211,3643.699951171875,4.104000091552734
2025-09-19,62.68000030517578,97.63999938964844,3671.5,4.138999938964844
2025-09-22,62.63999938964844,97.33000183105469,3740.699951171875,4.14300012588501
2025-09-23,63.40999984741211,97.26000213623047,3780.60009765625,4.119999885559082
2025-09-24,64.98999786376953,97.87000274658203,3732.10009765625,4.146999835968018
2025-09-25,64.9800033569336,98.55000305175781,3736.89990234375,4.171999931335449
2025-09-26,65.72000122070312,98.1500015258789,3775.300048828125,4.186999797821045
2025-09-29,63.45000076293945,97.91000366210938,3820.89990234375,4.140999794006348
2025-09-30,62.369998931884766,97.7699966430664,3840.800048828125,4.1479997634887695
2025-10-01,61.779998779296875,97.70999908447266,3867.5,4.105999946594238
2025-10-02,60.47999954223633,97.8499984741211,3839.699951171875,4.0879998207092285
2025-10-03,60.880001068115234,97.72000122070312,3880.800048828125,4.11899995803833
2025-10-06,61.689998626708984,98.11000061035156,3948.5,4.1620001792907715
2025-10-07,61.72999954223633,98.58000183105469,3976.60009765625,4.126999855041504
2025-10-08,62.54999923706055,98.8499984741211,4043.300048828125,4.129000186920166
2025-10-09,61.5099983215332,99.54000091552734,3946.300048828125,4.1479997634887695
2025-10-10,58.900001525878906,98.9800033569336,3975.89990234375,4.051000118255615
2025-10-13,59.4900016784668,99.2699966430664,4108.60009765625,4.051000118255615
2025-10-14,58.70000076293945,99.05000305175781,4138.7001953125,4.021999835968018
2025-10-15,58.27000045776367,98.79000091552734,4176.89990234375,4.046000003814697
2025-10-16,57.459999084472656,98.38999938964844,4280.2001953125,3.9760000705718994
2025-10-17,57.540000915527344,98.43000030517578,4189.89990234375,4.006999969482422
2025-10-20,57.52000045776367,98.58999633789062,4336.39990234375,3.9860000610351562
2025-10-21,57.81999969482422,98.93000030517578,4087.699951171875,3.9630000591278076
2025-10-22,58.5,98.9000015258789,4044.39990234375,3.953000068664551
2025-10-23,61.790000915527344,98.94000244140625,4125.5,3.990999937057495
2025-10-24,61.5,98.94999694824219,4118.39990234375,3.996999979019165
2025-10-27,61.310001373291016,98.77999877929688,4001.89990234375,3.996999979019165
2025-10-28,60.150001525878906,98.69000244140625,3966.199951171875,3.9830000400543213
2025-10-29,60.47999954223633,99.22000122070312,3983.699951171875,4.058000087738037
2025-10-30,60.56999969482422,99.52999877929688,4001.300048828125,4.0929999351501465
2025-10-31,60.97999954223633,99.80000305175781,3982.199951171875,4.10099983215332
2025-11-03,61.04999923706055,99.87000274658203,4000.300048828125,4.105999946594238
2025-11-04,60.560001373291016,100.22000122070312,3947.699951171875,4.089000225067139
2025-11-05,59.599998474121094,100.19999694824219,3980.300048828125,4.1570000648498535
2025-11-06,59.43000030517578,99.7300033569336,3979.89990234375,4.0929999351501465
2025-11-07,59.75,99.5999984741211,3999.39990234375,4.0929999351501465
2025-11-10,60.130001068115234,99.62000274658203,4111.7998046875,4.110000133514404
2025-11-11,61.040000915527344,99.45999908447266,4106.7998046875,4.119999885559082
2025-11-12,58.4900016784668,99.4800033569336,4204.39990234375,4.065000057220459
2025-11-13,58.689998626708984,99.18000030517578,4186.89990234375,4.111999988555908
2025-11-14,60.09000015258789,99.2699966430664,4087.60009765625,4.1479997634887695
2025-11-17,59.90999984741211,99.58999633789062,4068.300048828125,4.132999897003174
2025-11-18,60.7400016784668,99.55000305175781,4061.300048828125,4.123000144958496
2025-11-19,59.439998626708984,100.2300033569336,4077.699951171875,4.132999897003174
2025-11-20,59.13999938964844,100.16000366210938,4056.5,4.105999946594238
2025-11-21,58.060001373291016,100.18000030517578,4076.699951171875,4.063000202178955
2025-11-24,58.84000015258789,100.13999938964844,4091.89990234375,4.038000106811523
2025-11-25,57.95000076293945,99.66000366210938,4139.2001953125,4.001999855041504
2025-11-26,58.650001525878906,99.5999984741211,4165.2001953125,3.997999906539917
2025-11-28,58.54999923706055,99.45999908447266,4218.2998046875,4.017000198364258
2025-12-01,59.31999969482422,99.41000366210938,4239.2998046875,4.0960001945495605
2025-12-02,58.63999938964844,99.36000061035156,4186.60009765625,4.085999965667725
2025-12-03,58.95000076293945,98.8499984741211,4199.2998046875,4.057000160217285
2025-12-04,59.66999816894531,98.98999786376953,4211.7998046875,4.107999801635742
2025-12-05,60.08000183105469,98.98999786376953,4212.89990234375,4.138999938964844
2025-12-08,58.880001068115234,99.08999633789062,4187.2001953125,4.171999931335449
2025-12-09,58.25,99.22000122070312,4206.7001953125,4.185999870300293
2025-12-10,58.459999084472656,98.79000091552734,4196.39990234375,4.164000034332275
2025-12-11,57.599998474121094,98.3499984741211,4285.5,4.140999794006348
2025-12-12,57.439998626708984,98.4000015258789,4300.10009765625,4.193999767303467
2025-12-15,56.81999969482422,98.1500015258789,4306.7001953125,4.182000160217285
2025-12-16,55.27000045776367,98.1500015258789,4304.5,4.14900016784668
2025-12-17,55.939998626708984,98.37000274658203,4347.5,4.151000022888184
2025-12-18,56.150001525878906,98.43000030517578,4339.5,4.116000175476074
2025-12-19,56.65999984741211,98.5999984741211,4361.39990234375,4.151000022888184
2025-12-22,58.0099983215332,98.29000091552734,4444.60009765625,4.169000148773193
2025-12-23,58.380001068115234,97.94000244140625,4482.7998046875,4.169000148773193
2025-12-24,58.349998474121094,97.9800033569336,4480.60009765625,4.136000156402588
2025-12-26,56.7400016784668,98.0199966430664,4529.10009765625,4.136000156402588
2025-12-29,58.08000183105469,98.04000091552734,4325.10009765625,4.116000175476074
2025-12-30,57.95000076293945,98.23999786376953,4370.10009765625,4.130000114440918
2025-12-31,57.41999816894531,98.27999877929688,4325.60009765625,4.163000106811523
2026-01-02,57.31999969482422,98.41999816894531,4314.39990234375,4.186999797821045
2026-01-05,58.31999969482422,98.2699966430664,4436.89990234375,4.164999961853027
2026-01-06,57.130001068115234,98.58000183105469,4482.2001953125,4.178999900817871
2026-01-07,55.9900016784668,98.68000030517578,4449.2998046875,4.138000011444092
2026-01-08,57.7599983215332,98.93000030517578,4449.7001953125,4.183000087738037
2026-01-09,59.119998931884766,99.12999725341797,4490.2998046875,4.171000003814697
2026-01-12,59.5,98.86000061035156,4604.2998046875,4.186999797821045
2026-01-13,61.150001525878906,99.12999725341797,4589.2001953125,4.171000003814697
2026-01-14,62.02000045776367,99.12999725341797,4626.2998046875,4.139999866485596
2026-01-15,59.189998626708984,99.31999969482422,4616.2998046875,4.159999847412109
2026-01-16,59.439998626708984,99.38999938964844,4588.39990234375,4.230999946594238
2026-01-20,60.34000015258789,98.63999938964844,4759.60009765625,4.295000076293945
2026-01-21,60.619998931884766,98.76000213623047,4831.7998046875,4.252999782562256
2026-01-22,59.36000061035156,98.36000061035156,4908.7998046875,4.249000072479248
2026-01-23,61.06999969482422,97.5999984741211,4976.2001953125,4.238999843597412
2026-01-26,60.630001068115234,97.04000091552734,5079.7001953125,4.2129998207092285
2026-01-27,62.38999938964844,96.22000122070312,5079.89990234375,4.2230000495910645
2026-01-28,63.209999084472656,96.44999694824219,5301.60009765625,4.250999927520752
2026-01-29,65.41999816894531,96.27999877929688,5318.39990234375,4.2270002365112305
2026-01-30,65.20999908447266,96.98999786376953,4713.89990234375,4.241000175476074
2026-02-02,62.13999938964844,97.61000061035156,4622.5,4.275000095367432
2026-02-03,63.209999084472656,97.44000244140625,4903.7001953125,4.27400016784668
2026-02-04,65.13999938964844,97.62000274658203,4920.39990234375,4.275000095367432
2026-02-05,63.290000915527344,97.81999969482422,4861.39990234375,4.210000038146973
2026-02-06,63.54999923706055,97.62999725341797,4951.2001953125,4.205999851226807
2026-02-09,64.36000061035156,96.81999969482422,5050.89990234375,4.197999954223633
2026-02-10,63.959999084472656,96.80000305175781,5003.7998046875,4.146999835968018
2026-02-11,64.62999725341797,96.83000183105469,5071.60009765625,4.171999931335449
2026-02-12,62.84000015258789,96.93000030517578,4923.7001953125,4.104000091552734
2026-02-13,62.88999938964844,96.87999725341797,5022.0,4.056000232696533
2026-02-17,62.33000183105469,97.16000366210938,4882.89990234375,4.052000045776367
2026-02-18,65.19000244140625,97.69999694824219,4986.5,4.078999996185303
2026-02-19,66.43000030517578,97.93000030517578,4975.89990234375,4.074999809265137
2026-02-20,66.38999938964844,97.80000305175781,5059.2998046875,4.085999965667725
2026-02-23,66.30999755859375,97.69999694824219,5204.7001953125,4.0289998054504395
2026-02-24,65.62999725341797,97.87999725341797,5155.7998046875,4.0329999923706055
2026-02-25,65.41999816894531,97.69999694824219,5206.39990234375,4.047999858856201
2026-02-26,65.20999908447266,97.79000091552734,5176.5,4.017000198364258
2026-02-27,67.0199966430664,97.61000061035156,5230.5,3.9619998931884766
2026-03-02,71.2300033569336,98.37999725341797,5294.39990234375,4.047999858856201
2026-03-03,74.55999755859375,99.05000305175781,5107.39990234375,4.056000232696533
2026-03-04,74.66000366210938,98.7699966430664,5120.2001953125,4.079999923706055
2026-03-05,81.01000213623047,99.31999969482422,5065.2998046875,4.145999908447266
2026-03-06,90.9000015258789,98.98999786376953,5146.10009765625,4.132999897003174
2026-03-09,94.7699966430664,99.18000030517578,5091.5,4.136000156402588
2026-03-10,83.44999694824219,98.83000183105469,5229.7001953125,4.136000156402588
2026-03-11,87.25,99.2300033569336,5167.39990234375,4.208000183105469
2026-03-12,95.7300033569336,99.73999786376953,5115.7998046875,4.2729997634887695
2026-03-13,98.70999908447266,100.36000061035156,5052.5,4.284999847412109
2026-03-16,93.5,99.70999908447266,4994.0,4.21999979019165
2026-03-17,96.20999908447266,99.58000183105469,5001.0,4.202000141143799
2026-03-18,96.31999969482422,100.08999633789062,4889.89990234375,4.258999824523926
2026-03-19,96.13999938964844,99.2300033569336,4600.7001953125,4.281000137329102
2026-03-20,98.31999969482422,99.6500015258789,4570.39990234375,4.390999794006348
2026-03-23,88.12999725341797,98.94999694824219,4404.10009765625,4.334000110626221
2026-03-24,92.3499984741211,99.43000030517578,4399.2998046875,4.392000198364258
2026-03-25,90.31999969482422,99.5999984741211,4549.7998046875,4.328000068664551
2026-03-26,94.4800033569336,99.9000015258789,4375.5,4.415999889373779
2026-03-27,99.63999938964844,100.1500015258789,4492.0,4.440000057220459
2026-03-30,102.87999725341797,100.51000213623047,4526.0,4.3420000076293945
2026-03-31,101.37999725341797,99.95999908447266,4647.60009765625,4.310999870300293
2026-04-01,100.12000274658203,99.6500015258789,4783.2001953125,4.318999767303467
2026-04-02,111.54000091552734,100.02999877929688,4651.5,4.313000202178955
2026-04-06,112.41000366210938,99.9800033569336,4656.7998046875,4.335000038146973
2026-04-07,112.94999694824219,99.63999938964844,4657.10009765625,4.3429999351501465
2026-04-08,94.41000366210938,99.12999725341797,4749.5,4.290999889373779
2026-04-09,97.87000274658203,98.81999969482422,4792.2001953125,4.293000221252441
2026-04-10,96.56999969482422,98.6500015258789,4761.89990234375,4.316999912261963
2026-04-13,99.08000183105469,98.37000274658203,4742.39990234375,4.296999931335449
2026-04-14,91.27999877929688,98.12000274658203,4825.0,4.25600004196167
2026-04-15,91.29000091552734,98.05999755859375,4800.0,4.2820000648498535
2026-04-16,94.69000244140625,98.22000122070312,4785.39990234375,4.309000015258789
2026-04-17,83.8499984741211,98.0999984741211,4857.60009765625,4.245999813079834
2026-04-20,89.61000061035156,98.05000305175781,4806.60009765625,4.25
2026-04-21,92.12999725341797,98.41000366210938,4698.39990234375,4.291999816894531
2026-04-22,92.95999908447266,98.58999633789062,4732.5,4.294000148773193
2026-04-23,95.8499984741211,98.80000305175781,4705.10009765625,4.322999954223633
2026-04-24,94.4000015258789,98.51000213623047,4722.2998046875,4.309999942779541
